ID,Movie
1,Harry Potter Series
2,Something About Mary
3,Good Boys
4,Ghibli Movies by release order
5,Klaus
6,Superbad
7,Hangover series
8,Lord of the Rings Series
9,Ferries Buellers Day off
10,Shrek Series
11,Gone with the Wind
12,Cant Buy Me Love
13,Dragon Ball Super:Brolly
14,Saturday Night Fever
15,12 Years a Slave
16,Avenger Series
17,Letters from Iwo Jima
18,Lalaland
19,Korean Zombie movies - train to Busan
20,Parasite
21,Back to the Future Series
22,Kill Bil
23,Peggy Sue Got Married
24,Mean Girls
25,"Planes, Trains, and Automobiles"
26,The Babysitter
27,Rambo Series
28,Rocky Series
29,Airplane
30,Insidous Series
31,The Purge Series
32,Fifty First Dates
33,Lifted
34,Great Gatsby
35,Redline
36,Bridge of the River Kwai
37,Demolition Man
38,Your Name
39,Godfather series
40,Goodfellas + Casino
41,The Naked Gun
42,Parent Trap
43,White Chicks
44,Shallow Hal
45,Spiderman Series Tobey Macguire
46,Spiderman - Andrew Garfield
47,Spider Verse
48,Deadpool
49,Shawshank Redemption
50,A Goofy Movie
51,Conjuring Series
52,Harold and Kumar Series
53,Pulp fiction
54,Jaws
55,Birdemic: Shock and Terror
56,Grease
57,Space Jame
58,Happy Gilmore
59,Slience of the Lambs
60,Escape from New York
61,Terminator
62,The Revenant
63,The Aviator
64,Catch me if you can
65,Terminal
66,Gangs of new york
67,The matrix
68,Wolf of wall street
69,the footballest
70,Ace Ventura: Pet Detective
71,Alpha and Omega: Dino Digs
72,Another Cinderalla Story
73,Baby Looney Tunes: Musical Adventures
74,Beverly Hills Chihuahua 2
75,Gilbert Grape
76,Philadelphia
77,Saving Private Ryan
78,My Way
79,Windtalkers
80,Flags of our fathers
81,Empire of the sun
82,Snow Buddies
83,Inglorious Bastards
84,Space buddies
85,Akira
86,A boy in the striped pajamas
87,top gun
88,karate kid 1980s movies
89,django unchaine
90,wings
91,yogi bear
92,national lampoon series
93,monty python and the holy grail
94,tarzan
95,lion king series
96,about a boy
97,about time
98,time travelers
99,wife
100,looper
101,avatar
102,mad max fury road
103,big fat liar
104,school of rock
105,orange county
106,moana
107, dumb and dumber
108,the wedding singer
109,disney princess movies
110,honey 1 and honey 2
111, Step up 1 and Step Up 2
112,Jingle all the way
113,Frozen
114,Zodiac
115,Once upon a time in hollywood
116,The butler
117,Pineapple Express
118,Cant buy me love
119,Ghostbusters 1 and 2
120,ET
121,Bill and Teds Exccellent Adventure
122, The hobbit trilogy
123,Apollo 13
124,The first man
125,Cinderalla Man
126,Elf
127,Timecop
128,Robocop
129,Over the top
130,cliffhanger
131,sleepless in seattle
132,Bride of spies
133,Zero Dark Thirty
134,Fear and loathing in Las Vegas
135,Teenage Mutant Ninja turles 2
136,Caroline
137,Underdog
138,Pacific Rim
139,Freaky Friday
140,Rush hour series
141,Friday the 13th
142,Jason Bourne
143,Fast and Furious: Tokyo Drift
144,Lost in Translation
145,The Chase
146,Black rain
147,Judas the Black Messiah
148,Pokemon: the first movie
149,There will be blood
150,Fargo
151,Monkey trouble
152,12 Angry man
153,Dr. Strangelove
154,The Room
155,Dark Tide
156,Glen or Glenda
157,Jurassic Park
158,Titanic
159,inception
160,tokyo drift
161,The Suicide Squad
162,balls of fury
163,kung fu hustle
